Time [s],Value,Parity Error,Framing Error
0.000000000000000,0xD4,,
0.016349937500000,0xD7,,
1.078386687500000,0xD4,,
1.094652937500000,0x02,,
