Time [s],Value,Parity Error,Framing Error
0.000000000000000,0xD4,,
0.018300250000000,0xD7,,
1.068862250000000,0xD4,,
1.086268125000000,0x02,,
